source_file;file_name;category
D:\VS projects\ecostress_nirs_database\input_data\extracted\vegetation\vegetation.grass.avena.fatua.vswir.vh352.ucsb.asd.spectrum.txt;vegetation.grass.avena.fatua.vswir.vh352.ucsb.asd.spectrum.txt;vegetation
D:\VS projects\ecostress_nirs_database\input_data\extracted\vegetation\vegetation.grass.avena.fatua.vswir.vh353.ucsb.asd.spectrum.txt;vegetation.grass.avena.fatua.vswir.vh353.ucsb.asd.spectrum.txt;vegetation
D:\VS projects\ecostress_nirs_database\input_data\extracted\vegetation\vegetation.grass.bromus.diandrus.vswir.vh350.ucsb.asd.spectrum.txt;vegetation.grass.bromus.diandrus.vswir.vh350.ucsb.asd.spectrum.txt;vegetation
D:\VS projects\ecostress_nirs_database\input_data\extracted\vegetation\vegetation.grass.bromus.diandrus.vswir.vh351.ucsb.asd.spectrum.txt;vegetation.grass.bromus.diandrus.vswir.vh351.ucsb.asd.spectrum.txt;vegetation
D:\VS projects\ecostress_nirs_database\input_data\extracted\vegetation\vegetation.shrub.agave.attenuata.vswir.jpl060.jpl.asd.spectrum.txt;vegetation.shrub.agave.attenuata.vswir.jpl060.jpl.asd.spectrum.txt;vegetation
D:\VS projects\ecostress_nirs_database\input_data\extracted\vegetation\vegetation.shrub.agave.attenuata.vswir.jpl061.jpl.asd.spectrum.txt;vegetation.shrub.agave.attenuata.vswir.jpl061.jpl.asd.spectrum.txt;vegetation
D:\VS projects\ecostress_nirs_database\input_data\extracted\vegetation\vegetation.shrub.agave.attenuata.vswir.jpl062.jpl.asd.spectrum.txt;vegetation.shrub.agave.attenuata.vswir.jpl062.jpl.asd.spectrum.txt;vegetation
D:\VS projects\ecostress_nirs_database\input_data\extracted\vegetation\vegetation.shrub.agave.attenuata.vswir.jpl063.jpl.asd.spectrum.txt;vegetation.shrub.agave.attenuata.vswir.jpl063.jpl.asd.spectrum.txt;vegetation
D:\VS projects\ecostress_nirs_database\input_data\extracted\vegetation\vegetation.shrub.agave.attenuata.vswir.jpl106.jpl.asd.spectrum.txt;vegetation.shrub.agave.attenuata.vswir.jpl106.jpl.asd.spectrum.txt;vegetation
D:\VS projects\ecostress_nirs_database\input_data\extracted\vegetation\vegetation.shrub.aloe.arborescens.vswir.jpl075.jpl.asd.spectrum.txt;vegetation.shrub.aloe.arborescens.vswir.jpl075.jpl.asd.spectrum.txt;vegetation
D:\VS projects\ecostress_nirs_database\input_data\extracted\vegetation\vegetation.shrub.aloe.arborescens.vswir.jpl076.jpl.asd.spectrum.txt;vegetation.shrub.aloe.arborescens.vswir.jpl076.jpl.asd.spectrum.txt;vegetation
D:\VS projects\ecostress_nirs_database\input_data\extracted\vegetation\vegetation.shrub.aloe.arborescens.vswir.jpl077.jpl.asd.spectrum.txt;vegetation.shrub.aloe.arborescens.vswir.jpl077.jpl.asd.spectrum.txt;vegetation
D:\VS projects\ecostress_nirs_database\input_data\extracted\vegetation\vegetation.shrub.aloe.arborescens_flower.vswir.jpl072.jpl.asd.spectrum.txt;vegetation.shrub.aloe.arborescens_flower.vswir.jpl072.jpl.asd.spectrum.txt;vegetation
D:\VS projects\ecostress_nirs_database\input_data\extracted\vegetation\vegetation.shrub.aloe.arborescens_flower.vswir.jpl073.jpl.asd.spectrum.txt;vegetation.shrub.aloe.arborescens_flower.vswir.jpl073.jpl.asd.spectrum.txt;vegetation
D:\VS projects\ecostress_nirs_database\input_data\extracted\vegetation\vegetation.shrub.aloe.arborescens_flower.vswir.jpl074.jpl.asd.spectrum.txt;vegetation.shrub.aloe.arborescens_flower.vswir.jpl074.jpl.asd.spectrum.txt;vegetation
D:\VS projects\ecostress_nirs_database\input_data\extracted\vegetation\vegetation.shrub.gasteria.acinacifolia.vswir.jpl143.jpl.asd.spectrum.txt;vegetation.shrub.gasteria.acinacifolia.vswir.jpl143.jpl.asd.spectrum.txt;vegetation
D:\VS projects\ecostress_nirs_database\input_data\extracted\vegetation\vegetation.shrub.juniperus.chinensis.vswir.jpl097.jpl.asd.spectrum.txt;vegetation.shrub.juniperus.chinensis.vswir.jpl097.jpl.asd.spectrum.txt;vegetation
D:\VS projects\ecostress_nirs_database\input_data\extracted\vegetation\vegetation.shrub.juniperus.chinensis.vswir.jpl098.jpl.asd.spectrum.txt;vegetation.shrub.juniperus.chinensis.vswir.jpl098.jpl.asd.spectrum.txt;vegetation
D:\VS projects\ecostress_nirs_database\input_data\extracted\vegetation\vegetation.shrub.portulacaria.afra.vswir.jpl064.jpl.asd.spectrum.txt;vegetation.shrub.portulacaria.afra.vswir.jpl064.jpl.asd.spectrum.txt;vegetation
D:\VS projects\ecostress_nirs_database\input_data\extracted\vegetation\vegetation.shrub.portulacaria.afra_lowform.vswir.jpl065.jpl.asd.spectrum.txt;vegetation.shrub.portulacaria.afra_lowform.vswir.jpl065.jpl.asd.spectrum.txt;vegetation
D:\VS projects\ecostress_nirs_database\input_data\extracted\vegetation\vegetation.shrub.portulacaria.afra_variegata.vswir.jpl066.jpl.asd.spectrum.txt;vegetation.shrub.portulacaria.afra_variegata.vswir.jpl066.jpl.asd.spectrum.txt;vegetation
D:\VS projects\ecostress_nirs_database\input_data\extracted\vegetation\vegetation.shrub.puya.venusta.vswir.jpl078.jpl.asd.spectrum.txt;vegetation.shrub.puya.venusta.vswir.jpl078.jpl.asd.spectrum.txt;vegetation
D:\VS projects\ecostress_nirs_database\input_data\extracted\vegetation\vegetation.shrub.puya.venusta.vswir.jpl079.jpl.asd.spectrum.txt;vegetation.shrub.puya.venusta.vswir.jpl079.jpl.asd.spectrum.txt;vegetation
D:\VS projects\ecostress_nirs_database\input_data\extracted\vegetation\vegetation.shrub.puya.venusta.vswir.jpl080.jpl.asd.spectrum.txt;vegetation.shrub.puya.venusta.vswir.jpl080.jpl.asd.spectrum.txt;vegetation
D:\VS projects\ecostress_nirs_database\input_data\extracted\vegetation\vegetation.shrub.puya.venusta.vswir.jpl081.jpl.asd.spectrum.txt;vegetation.shrub.puya.venusta.vswir.jpl081.jpl.asd.spectrum.txt;vegetation
D:\VS projects\ecostress_nirs_database\input_data\extracted\vegetation\vegetation.tree.acacia.caven.vswir.jpl139.jpl.asd.spectrum.txt;vegetation.tree.acacia.caven.vswir.jpl139.jpl.asd.spectrum.txt;vegetation
D:\VS projects\ecostress_nirs_database\input_data\extracted\vegetation\vegetation.tree.acacia.caven.vswir.jpl140.jpl.asd.spectrum.txt;vegetation.tree.acacia.caven.vswir.jpl140.jpl.asd.spectrum.txt;vegetation
D:\VS projects\ecostress_nirs_database\input_data\extracted\vegetation\vegetation.tree.acacia.visco.vswir.jpl159.jpl.asd.spectrum.txt;vegetation.tree.acacia.visco.vswir.jpl159.jpl.asd.spectrum.txt;vegetation
D:\VS projects\ecostress_nirs_database\input_data\extracted\vegetation\vegetation.tree.acacia.visco.vswir.jpl196.jpl.asd.spectrum.txt;vegetation.tree.acacia.visco.vswir.jpl196.jpl.asd.spectrum.txt;vegetation
D:\VS projects\ecostress_nirs_database\input_data\extracted\vegetation\vegetation.tree.acer.paxii.vswir.jpl120.jpl.asd.spectrum.txt;vegetation.tree.acer.paxii.vswir.jpl120.jpl.asd.spectrum.txt;vegetation
D:\VS projects\ecostress_nirs_database\input_data\extracted\vegetation\vegetation.tree.acer.paxii.vswir.jpl225.jpl.asd.spectrum.txt;vegetation.tree.acer.paxii.vswir.jpl225.jpl.asd.spectrum.txt;vegetation
D:\VS projects\ecostress_nirs_database\input_data\extracted\vegetation\vegetation.tree.aloe.bainesii.vswir.jpl057.jpl.asd.spectrum.txt;vegetation.tree.aloe.bainesii.vswir.jpl057.jpl.asd.spectrum.txt;vegetation
D:\VS projects\ecostress_nirs_database\input_data\extracted\vegetation\vegetation.tree.aloe.bainesii.vswir.jpl058.jpl.asd.spectrum.txt;vegetation.tree.aloe.bainesii.vswir.jpl058.jpl.asd.spectrum.txt;vegetation
D:\VS projects\ecostress_nirs_database\input_data\extracted\vegetation\vegetation.tree.aloe.bainesii.vswir.jpl059.jpl.asd.spectrum.txt;vegetation.tree.aloe.bainesii.vswir.jpl059.jpl.asd.spectrum.txt;vegetation
D:\VS projects\ecostress_nirs_database\input_data\extracted\vegetation\vegetation.tree.bambusa.beecheyana.vswir.jpl133.jpl.asd.spectrum.txt;vegetation.tree.bambusa.beecheyana.vswir.jpl133.jpl.asd.spectrum.txt;vegetation
D:\VS projects\ecostress_nirs_database\input_data\extracted\vegetation\vegetation.tree.bambusa.beecheyana.vswir.jpl134.jpl.asd.spectrum.txt;vegetation.tree.bambusa.beecheyana.vswir.jpl134.jpl.asd.spectrum.txt;vegetation
D:\VS projects\ecostress_nirs_database\input_data\extracted\vegetation\vegetation.tree.bambusa.beecheyana.vswir.jpl135.jpl.asd.spectrum.txt;vegetation.tree.bambusa.beecheyana.vswir.jpl135.jpl.asd.spectrum.txt;vegetation
D:\VS projects\ecostress_nirs_database\input_data\extracted\vegetation\vegetation.tree.bambusa.beecheyana.vswir.jpl236.jpl.asd.spectrum.txt;vegetation.tree.bambusa.beecheyana.vswir.jpl236.jpl.asd.spectrum.txt;vegetation
D:\VS projects\ecostress_nirs_database\input_data\extracted\vegetation\vegetation.tree.bambusa.beecheyana.vswir.jpl237.jpl.asd.spectrum.txt;vegetation.tree.bambusa.beecheyana.vswir.jpl237.jpl.asd.spectrum.txt;vegetation
D:\VS projects\ecostress_nirs_database\input_data\extracted\vegetation\vegetation.tree.bambusa.beecheyana.vswir.jpl238.jpl.asd.spectrum.txt;vegetation.tree.bambusa.beecheyana.vswir.jpl238.jpl.asd.spectrum.txt;vegetation
D:\VS projects\ecostress_nirs_database\input_data\extracted\vegetation\vegetation.tree.bambusa.beecheyana.vswir.jpl244.jpl.asd.spectrum.txt;vegetation.tree.bambusa.beecheyana.vswir.jpl244.jpl.asd.spectrum.txt;vegetation
D:\VS projects\ecostress_nirs_database\input_data\extracted\vegetation\vegetation.tree.bambusa.beecheyana.vswir.jpl245.jpl.asd.spectrum.txt;vegetation.tree.bambusa.beecheyana.vswir.jpl245.jpl.asd.spectrum.txt;vegetation
D:\VS projects\ecostress_nirs_database\input_data\extracted\vegetation\vegetation.tree.bambusa.beecheyana.vswir.jpl246.jpl.asd.spectrum.txt;vegetation.tree.bambusa.beecheyana.vswir.jpl246.jpl.asd.spectrum.txt;vegetation
D:\VS projects\ecostress_nirs_database\input_data\extracted\vegetation\vegetation.tree.bambusa.tuldoides.vswir.jpl145.jpl.asd.spectrum.txt;vegetation.tree.bambusa.tuldoides.vswir.jpl145.jpl.asd.spectrum.txt;vegetation
D:\VS projects\ecostress_nirs_database\input_data\extracted\vegetation\vegetation.tree.bambusa.tuldoides.vswir.jpl146.jpl.asd.spectrum.txt;vegetation.tree.bambusa.tuldoides.vswir.jpl146.jpl.asd.spectrum.txt;vegetation
D:\VS projects\ecostress_nirs_database\input_data\extracted\vegetation\vegetation.tree.bambusa.tuldoides.vswir.jpl147.jpl.asd.spectrum.txt;vegetation.tree.bambusa.tuldoides.vswir.jpl147.jpl.asd.spectrum.txt;vegetation
D:\VS projects\ecostress_nirs_database\input_data\extracted\vegetation\vegetation.tree.bambusa.tuldoides.vswir.jpl214.jpl.asd.spectrum.txt;vegetation.tree.bambusa.tuldoides.vswir.jpl214.jpl.asd.spectrum.txt;vegetation
D:\VS projects\ecostress_nirs_database\input_data\extracted\vegetation\vegetation.tree.bambusa.tuldoides.vswir.jpl215.jpl.asd.spectrum.txt;vegetation.tree.bambusa.tuldoides.vswir.jpl215.jpl.asd.spectrum.txt;vegetation
D:\VS projects\ecostress_nirs_database\input_data\extracted\vegetation\vegetation.tree.bambusa.tuldoides.vswir.jpl216.jpl.asd.spectrum.txt;vegetation.tree.bambusa.tuldoides.vswir.jpl216.jpl.asd.spectrum.txt;vegetation
D:\VS projects\ecostress_nirs_database\input_data\extracted\vegetation\vegetation.tree.beaucarnea.recurvata.vswir.jpl068.jpl.asd.spectrum.txt;vegetation.tree.beaucarnea.recurvata.vswir.jpl068.jpl.asd.spectrum.txt;vegetation
D:\VS projects\ecostress_nirs_database\input_data\extracted\vegetation\vegetation.tree.beaucarnea.recurvata.vswir.jpl069.jpl.asd.spectrum.txt;vegetation.tree.beaucarnea.recurvata.vswir.jpl069.jpl.asd.spectrum.txt;vegetation
D:\VS projects\ecostress_nirs_database\input_data\extracted\vegetation\vegetation.tree.beaucarnea.recurvata.vswir.jpl070.jpl.asd.spectrum.txt;vegetation.tree.beaucarnea.recurvata.vswir.jpl070.jpl.asd.spectrum.txt;vegetation
D:\VS projects\ecostress_nirs_database\input_data\extracted\vegetation\vegetation.tree.brachychiton.discolor.vswir.jpl082.jpl.asd.spectrum.txt;vegetation.tree.brachychiton.discolor.vswir.jpl082.jpl.asd.spectrum.txt;vegetation
D:\VS projects\ecostress_nirs_database\input_data\extracted\vegetation\vegetation.tree.brachychiton.discolor.vswir.jpl083.jpl.asd.spectrum.txt;vegetation.tree.brachychiton.discolor.vswir.jpl083.jpl.asd.spectrum.txt;vegetation
D:\VS projects\ecostress_nirs_database\input_data\extracted\vegetation\vegetation.tree.brachychiton.discolor.vswir.jpl102.jpl.asd.spectrum.txt;vegetation.tree.brachychiton.discolor.vswir.jpl102.jpl.asd.spectrum.txt;vegetation
D:\VS projects\ecostress_nirs_database\input_data\extracted\vegetation\vegetation.tree.brachychiton.rupestris.vswir.jpl084.jpl.asd.spectrum.txt;vegetation.tree.brachychiton.rupestris.vswir.jpl084.jpl.asd.spectrum.txt;vegetation
D:\VS projects\ecostress_nirs_database\input_data\extracted\vegetation\vegetation.tree.brachychiton.rupestris.vswir.jpl085.jpl.asd.spectrum.txt;vegetation.tree.brachychiton.rupestris.vswir.jpl085.jpl.asd.spectrum.txt;vegetation
D:\VS projects\ecostress_nirs_database\input_data\extracted\vegetation\vegetation.tree.brachychiton.rupestris.vswir.jpl086.jpl.asd.spectrum.txt;vegetation.tree.brachychiton.rupestris.vswir.jpl086.jpl.asd.spectrum.txt;vegetation
D:\VS projects\ecostress_nirs_database\input_data\extracted\vegetation\vegetation.tree.caesalpina.cacalaco.vswir.jpl138.jpl.asd.spectrum.txt;vegetation.tree.caesalpina.cacalaco.vswir.jpl138.jpl.asd.spectrum.txt;vegetation
D:\VS projects\ecostress_nirs_database\input_data\extracted\vegetation\vegetation.tree.caesalpinia.cacalaco.vswir.jpl067.jpl.asd.spectrum.txt;vegetation.tree.caesalpinia.cacalaco.vswir.jpl067.jpl.asd.spectrum.txt;vegetation
D:\VS projects\ecostress_nirs_database\input_data\extracted\vegetation\vegetation.tree.caesalpinia.cacalaco.vswir.jpl071.jpl.asd.spectrum.txt;vegetation.tree.caesalpinia.cacalaco.vswir.jpl071.jpl.asd.spectrum.txt;vegetation
D:\VS projects\ecostress_nirs_database\input_data\extracted\vegetation\vegetation.tree.caesalpinia.cacalaco.vswir.jpl241.jpl.asd.spectrum.txt;vegetation.tree.caesalpinia.cacalaco.vswir.jpl241.jpl.asd.spectrum.txt;vegetation
D:\VS projects\ecostress_nirs_database\input_data\extracted\vegetation\vegetation.tree.calodendrum.capense.vswir.jpl123.jpl.asd.spectrum.txt;vegetation.tree.calodendrum.capense.vswir.jpl123.jpl.asd.spectrum.txt;vegetation
D:\VS projects\ecostress_nirs_database\input_data\extracted\vegetation\vegetation.tree.calodendrum.capense.vswir.jpl193.jpl.asd.spectrum.txt;vegetation.tree.calodendrum.capense.vswir.jpl193.jpl.asd.spectrum.txt;vegetation
D:\VS projects\ecostress_nirs_database\input_data\extracted\vegetation\vegetation.tree.casimiroa.edulis.vswir.jpl144.jpl.asd.spectrum.txt;vegetation.tree.casimiroa.edulis.vswir.jpl144.jpl.asd.spectrum.txt;vegetation
D:\VS projects\ecostress_nirs_database\input_data\extracted\vegetation\vegetation.tree.casimiroa.edulis.vswir.jpl217.jpl.asd.spectrum.txt;vegetation.tree.casimiroa.edulis.vswir.jpl217.jpl.asd.spectrum.txt;vegetation
D:\VS projects\ecostress_nirs_database\input_data\extracted\vegetation\vegetation.tree.cassia.leptophylla.vswir.jpl092.jpl.asd.spectrum.txt;vegetation.tree.cassia.leptophylla.vswir.jpl092.jpl.asd.spectrum.txt;vegetation
D:\VS projects\ecostress_nirs_database\input_data\extracted\vegetation\vegetation.tree.cassia.leptophylla.vswir.jpl253.jpl.asd.spectrum.txt;vegetation.tree.cassia.leptophylla.vswir.jpl253.jpl.asd.spectrum.txt;vegetation
D:\VS projects\ecostress_nirs_database\input_data\extracted\vegetation\vegetation.tree.cassia.leptophylla.vswir.jpl254.jpl.asd.spectrum.txt;vegetation.tree.cassia.leptophylla.vswir.jpl254.jpl.asd.spectrum.txt;vegetation
D:\VS projects\ecostress_nirs_database\input_data\extracted\vegetation\vegetation.tree.cedrus.atlantica.vswir.jpl109.jpl.asd.spectrum.txt;vegetation.tree.cedrus.atlantica.vswir.jpl109.jpl.asd.spectrum.txt;vegetation
D:\VS projects\ecostress_nirs_database\input_data\extracted\vegetation\vegetation.tree.cedrus.atlantica.vswir.jpl152.jpl.asd.spectrum.txt;vegetation.tree.cedrus.atlantica.vswir.jpl152.jpl.asd.spectrum.txt;vegetation
D:\VS projects\ecostress_nirs_database\input_data\extracted\vegetation\vegetation.tree.cedrus.atlantica.vswir.jpl222.jpl.asd.spectrum.txt;vegetation.tree.cedrus.atlantica.vswir.jpl222.jpl.asd.spectrum.txt;vegetation
D:\VS projects\ecostress_nirs_database\input_data\extracted\vegetation\vegetation.tree.cedrus.atlantica_glauca.vswir.jpl177.jpl.asd.spectrum.txt;vegetation.tree.cedrus.atlantica_glauca.vswir.jpl177.jpl.asd.spectrum.txt;vegetation
D:\VS projects\ecostress_nirs_database\input_data\extracted\vegetation\vegetation.tree.cedrus.deodara.vswir.jpl103.jpl.asd.spectrum.txt;vegetation.tree.cedrus.deodara.vswir.jpl103.jpl.asd.spectrum.txt;vegetation
D:\VS projects\ecostress_nirs_database\input_data\extracted\vegetation\vegetation.tree.cedrus.deodara.vswir.jpl104.jpl.asd.spectrum.txt;vegetation.tree.cedrus.deodara.vswir.jpl104.jpl.asd.spectrum.txt;vegetation
D:\VS projects\ecostress_nirs_database\input_data\extracted\vegetation\vegetation.tree.cedrus.deodara.vswir.jpl105.jpl.asd.spectrum.txt;vegetation.tree.cedrus.deodara.vswir.jpl105.jpl.asd.spectrum.txt;vegetation
D:\VS projects\ecostress_nirs_database\input_data\extracted\vegetation\vegetation.tree.cedrus.deodara.vswir.jpl212.jpl.asd.spectrum.txt;vegetation.tree.cedrus.deodara.vswir.jpl212.jpl.asd.spectrum.txt;vegetation
D:\VS projects\ecostress_nirs_database\input_data\extracted\vegetation\vegetation.tree.cercidium.pennisulare.vswir.jpl141.jpl.asd.spectrum.txt;vegetation.tree.cercidium.pennisulare.vswir.jpl141.jpl.asd.spectrum.txt;vegetation
D:\VS projects\ecostress_nirs_database\input_data\extracted\vegetation\vegetation.tree.chorisia.insignis.vswir.jpl136.jpl.asd.spectrum.txt;vegetation.tree.chorisia.insignis.vswir.jpl136.jpl.asd.spectrum.txt;vegetation
D:\VS projects\ecostress_nirs_database\input_data\extracted\vegetation\vegetation.tree.chorisia.insignis.vswir.jpl240.jpl.asd.spectrum.txt;vegetation.tree.chorisia.insignis.vswir.jpl240.jpl.asd.spectrum.txt;vegetation
D:\VS projects\ecostress_nirs_database\input_data\extracted\vegetation\vegetation.tree.chorisia.insignis.vswir.jpl243.jpl.asd.spectrum.txt;vegetation.tree.chorisia.insignis.vswir.jpl243.jpl.asd.spectrum.txt;vegetation
D:\VS projects\ecostress_nirs_database\input_data\extracted\vegetation\vegetation.tree.chorisia.insignis.vswir.jpl258.jpl.asd.spectrum.txt;vegetation.tree.chorisia.insignis.vswir.jpl258.jpl.asd.spectrum.txt;vegetation
D:\VS projects\ecostress_nirs_database\input_data\extracted\vegetation\vegetation.tree.chorisia.speciosa.vswir.jpl137.jpl.asd.spectrum.txt;vegetation.tree.chorisia.speciosa.vswir.jpl137.jpl.asd.spectrum.txt;vegetation
D:\VS projects\ecostress_nirs_database\input_data\extracted\vegetation\vegetation.tree.chorisia.speciosa.vswir.jpl239.jpl.asd.spectrum.txt;vegetation.tree.chorisia.speciosa.vswir.jpl239.jpl.asd.spectrum.txt;vegetation
D:\VS projects\ecostress_nirs_database\input_data\extracted\vegetation\vegetation.tree.chorisia.speciosa.vswir.jpl242.jpl.asd.spectrum.txt;vegetation.tree.chorisia.speciosa.vswir.jpl242.jpl.asd.spectrum.txt;vegetation
D:\VS projects\ecostress_nirs_database\input_data\extracted\vegetation\vegetation.tree.chorisia.speciosa.vswir.jpl257.jpl.asd.spectrum.txt;vegetation.tree.chorisia.speciosa.vswir.jpl257.jpl.asd.spectrum.txt;vegetation
D:\VS projects\ecostress_nirs_database\input_data\extracted\vegetation\vegetation.tree.citharexylum.montevidense.vswir.jpl160.jpl.asd.spectrum.txt;vegetation.tree.citharexylum.montevidense.vswir.jpl160.jpl.asd.spectrum.txt;vegetation
D:\VS projects\ecostress_nirs_database\input_data\extracted\vegetation\vegetation.tree.citharexylum.montevidense.vswir.jpl200.jpl.asd.spectrum.txt;vegetation.tree.citharexylum.montevidense.vswir.jpl200.jpl.asd.spectrum.txt;vegetation
D:\VS projects\ecostress_nirs_database\input_data\extracted\vegetation\vegetation.tree.ehretia.austin-smithii.vswir.jpl172.jpl.asd.spectrum.txt;vegetation.tree.ehretia.austin-smithii.vswir.jpl172.jpl.asd.spectrum.txt;vegetation
D:\VS projects\ecostress_nirs_database\input_data\extracted\vegetation\vegetation.tree.ehretia.austin-smithii.vswir.jpl210.jpl.asd.spectrum.txt;vegetation.tree.ehretia.austin-smithii.vswir.jpl210.jpl.asd.spectrum.txt;vegetation
D:\VS projects\ecostress_nirs_database\input_data\extracted\vegetation\vegetation.tree.eucalyptus.ficifolia.vswir.jpl157.jpl.asd.spectrum.txt;vegetation.tree.eucalyptus.ficifolia.vswir.jpl157.jpl.asd.spectrum.txt;vegetation
D:\VS projects\ecostress_nirs_database\input_data\extracted\vegetation\vegetation.tree.eucalyptus.ficifolia.vswir.jpl202.jpl.asd.spectrum.txt;vegetation.tree.eucalyptus.ficifolia.vswir.jpl202.jpl.asd.spectrum.txt;vegetation
D:\VS projects\ecostress_nirs_database\input_data\extracted\vegetation\vegetation.tree.eucalyptus.kartzoffiana.vswir.jpl151.jpl.asd.spectrum.txt;vegetation.tree.eucalyptus.kartzoffiana.vswir.jpl151.jpl.asd.spectrum.txt;vegetation
D:\VS projects\ecostress_nirs_database\input_data\extracted\vegetation\vegetation.tree.eucalyptus.kartzoffiana.vswir.jpl221.jpl.asd.spectrum.txt;vegetation.tree.eucalyptus.kartzoffiana.vswir.jpl221.jpl.asd.spectrum.txt;vegetation
D:\VS projects\ecostress_nirs_database\input_data\extracted\vegetation\vegetation.tree.eucalyptus.maculata.vswir.jpl087.jpl.asd.spectrum.txt;vegetation.tree.eucalyptus.maculata.vswir.jpl087.jpl.asd.spectrum.txt;vegetation
D:\VS projects\ecostress_nirs_database\input_data\extracted\vegetation\vegetation.tree.eucalyptus.maculata.vswir.jpl088.jpl.asd.spectrum.txt;vegetation.tree.eucalyptus.maculata.vswir.jpl088.jpl.asd.spectrum.txt;vegetation
D:\VS projects\ecostress_nirs_database\input_data\extracted\vegetation\vegetation.tree.eucalyptus.rudis.vswir.jpl148.jpl.asd.spectrum.txt;vegetation.tree.eucalyptus.rudis.vswir.jpl148.jpl.asd.spectrum.txt;vegetation
D:\VS projects\ecostress_nirs_database\input_data\extracted\vegetation\vegetation.tree.eucalyptus.rudius.vswir.jpl218.jpl.asd.spectrum.txt;vegetation.tree.eucalyptus.rudius.vswir.jpl218.jpl.asd.spectrum.txt;vegetation
D:\VS projects\ecostress_nirs_database\input_data\extracted\vegetation\vegetation.tree.eucalyptus.saligna.vswir.jpl154.jpl.asd.spectrum.txt;vegetation.tree.eucalyptus.saligna.vswir.jpl154.jpl.asd.spectrum.txt;vegetation
D:\VS projects\ecostress_nirs_database\input_data\extracted\vegetation\vegetation.tree.eucalyptus.saligna.vswir.jpl224.jpl.asd.spectrum.txt;vegetation.tree.eucalyptus.saligna.vswir.jpl224.jpl.asd.spectrum.txt;vegetation
D:\VS projects\ecostress_nirs_database\input_data\extracted\vegetation\vegetation.tree.fagus.sylvatica_atropurpurea.vswir.jpl113.jpl.asd.spectrum.txt;vegetation.tree.fagus.sylvatica_atropurpurea.vswir.jpl113.jpl.asd.spectrum.txt;vegetation
D:\VS projects\ecostress_nirs_database\input_data\extracted\vegetation\vegetation.tree.fagus.sylvatica_atropurpurea.vswir.jpl180.jpl.asd.spectrum.txt;vegetation.tree.fagus.sylvatica_atropurpurea.vswir.jpl180.jpl.asd.spectrum.txt;vegetation
D:\VS projects\ecostress_nirs_database\input_data\extracted\vegetation\vegetation.tree.ficus.craterostoma.vswir.jpl091.jpl.asd.spectrum.txt;vegetation.tree.ficus.craterostoma.vswir.jpl091.jpl.asd.spectrum.txt;vegetation
D:\VS projects\ecostress_nirs_database\input_data\extracted\vegetation\vegetation.tree.ficus.craterostoma.vswir.jpl158.jpl.asd.spectrum.txt;vegetation.tree.ficus.craterostoma.vswir.jpl158.jpl.asd.spectrum.txt;vegetation
D:\VS projects\ecostress_nirs_database\input_data\extracted\vegetation\vegetation.tree.ficus.craterostoma.vswir.jpl195.jpl.asd.spectrum.txt;vegetation.tree.ficus.craterostoma.vswir.jpl195.jpl.asd.spectrum.txt;vegetation
D:\VS projects\ecostress_nirs_database\input_data\extracted\vegetation\vegetation.tree.ficus.macrophylla_columnaris.vswir.jpl094.jpl.asd.spectrum.txt;vegetation.tree.ficus.macrophylla_columnaris.vswir.jpl094.jpl.asd.spectrum.txt;vegetation
D:\VS projects\ecostress_nirs_database\input_data\extracted\vegetation\vegetation.tree.ficus.macrophylla_columnaris.vswir.jpl095.jpl.asd.spectrum.txt;vegetation.tree.ficus.macrophylla_columnaris.vswir.jpl095.jpl.asd.spectrum.txt;vegetation
D:\VS projects\ecostress_nirs_database\input_data\extracted\vegetation\vegetation.tree.ficus.macrophylla_columnaris.vswir.jpl096.jpl.asd.spectrum.txt;vegetation.tree.ficus.macrophylla_columnaris.vswir.jpl096.jpl.asd.spectrum.txt;vegetation
D:\VS projects\ecostress_nirs_database\input_data\extracted\vegetation\vegetation.tree.ficus.platypoda.vswir.jpl122.jpl.asd.spectrum.txt;vegetation.tree.ficus.platypoda.vswir.jpl122.jpl.asd.spectrum.txt;vegetation
D:\VS projects\ecostress_nirs_database\input_data\extracted\vegetation\vegetation.tree.ficus.platypoda.vswir.jpl194.jpl.asd.spectrum.txt;vegetation.tree.ficus.platypoda.vswir.jpl194.jpl.asd.spectrum.txt;vegetation
D:\VS projects\ecostress_nirs_database\input_data\extracted\vegetation\vegetation.tree.ficus.socotrana.vswir.jpl093.jpl.asd.spectrum.txt;vegetation.tree.ficus.socotrana.vswir.jpl093.jpl.asd.spectrum.txt;vegetation
D:\VS projects\ecostress_nirs_database\input_data\extracted\vegetation\vegetation.tree.ficus.thonningii.vswir.jpl099.jpl.asd.spectrum.txt;vegetation.tree.ficus.thonningii.vswir.jpl099.jpl.asd.spectrum.txt;vegetation
D:\VS projects\ecostress_nirs_database\input_data\extracted\vegetation\vegetation.tree.ficus.thonningii.vswir.jpl100.jpl.asd.spectrum.txt;vegetation.tree.ficus.thonningii.vswir.jpl100.jpl.asd.spectrum.txt;vegetation
D:\VS projects\ecostress_nirs_database\input_data\extracted\vegetation\vegetation.tree.ficus.thonningii.vswir.jpl101.jpl.asd.spectrum.txt;vegetation.tree.ficus.thonningii.vswir.jpl101.jpl.asd.spectrum.txt;vegetation
D:\VS projects\ecostress_nirs_database\input_data\extracted\vegetation\vegetation.tree.ginkgo.biloba.vswir.jpl208.jpl.asd.spectrum.txt;vegetation.tree.ginkgo.biloba.vswir.jpl208.jpl.asd.spectrum.txt;vegetation
D:\VS projects\ecostress_nirs_database\input_data\extracted\vegetation\vegetation.tree.ginko.biloba.vswir.jpl170.jpl.asd.spectrum.txt;vegetation.tree.ginko.biloba.vswir.jpl170.jpl.asd.spectrum.txt;vegetation
D:\VS projects\ecostress_nirs_database\input_data\extracted\vegetation\vegetation.tree.hetrosideros.excelsa.vswir.jpl171.jpl.asd.spectrum.txt;vegetation.tree.hetrosideros.excelsa.vswir.jpl171.jpl.asd.spectrum.txt;vegetation
D:\VS projects\ecostress_nirs_database\input_data\extracted\vegetation\vegetation.tree.jacaranda.mimosifolia.vswir.jpl161.jpl.asd.spectrum.txt;vegetation.tree.jacaranda.mimosifolia.vswir.jpl161.jpl.asd.spectrum.txt;vegetation
D:\VS projects\ecostress_nirs_database\input_data\extracted\vegetation\vegetation.tree.jacaranda.mimosifolia.vswir.jpl167.jpl.asd.spectrum.txt;vegetation.tree.jacaranda.mimosifolia.vswir.jpl167.jpl.asd.spectrum.txt;vegetation
D:\VS projects\ecostress_nirs_database\input_data\extracted\vegetation\vegetation.tree.jacaranda.mimosifolia.vswir.jpl168.jpl.asd.spectrum.txt;vegetation.tree.jacaranda.mimosifolia.vswir.jpl168.jpl.asd.spectrum.txt;vegetation
D:\VS projects\ecostress_nirs_database\input_data\extracted\vegetation\vegetation.tree.jacaranda.mimosifolia.vswir.jpl201.jpl.asd.spectrum.txt;vegetation.tree.jacaranda.mimosifolia.vswir.jpl201.jpl.asd.spectrum.txt;vegetation
D:\VS projects\ecostress_nirs_database\input_data\extracted\vegetation\vegetation.tree.jacaranda.mimosifolia.vswir.jpl203.jpl.asd.spectrum.txt;vegetation.tree.jacaranda.mimosifolia.vswir.jpl203.jpl.asd.spectrum.txt;vegetation
D:\VS projects\ecostress_nirs_database\input_data\extracted\vegetation\vegetation.tree.jacaranda.mimosifolia.vswir.jpl204.jpl.asd.spectrum.txt;vegetation.tree.jacaranda.mimosifolia.vswir.jpl204.jpl.asd.spectrum.txt;vegetation
D:\VS projects\ecostress_nirs_database\input_data\extracted\vegetation\vegetation.tree.lagerstroemia.indica.vswir.jpl149.jpl.asd.spectrum.txt;vegetation.tree.lagerstroemia.indica.vswir.jpl149.jpl.asd.spectrum.txt;vegetation
D:\VS projects\ecostress_nirs_database\input_data\extracted\vegetation\vegetation.tree.lagerstroemia.indica.vswir.jpl150.jpl.asd.spectrum.txt;vegetation.tree.lagerstroemia.indica.vswir.jpl150.jpl.asd.spectrum.txt;vegetation
D:\VS projects\ecostress_nirs_database\input_data\extracted\vegetation\vegetation.tree.lagerstroemia.indica.vswir.jpl219.jpl.asd.spectrum.txt;vegetation.tree.lagerstroemia.indica.vswir.jpl219.jpl.asd.spectrum.txt;vegetation
D:\VS projects\ecostress_nirs_database\input_data\extracted\vegetation\vegetation.tree.lagerstroemia.indica.vswir.jpl220.jpl.asd.spectrum.txt;vegetation.tree.lagerstroemia.indica.vswir.jpl220.jpl.asd.spectrum.txt;vegetation
D:\VS projects\ecostress_nirs_database\input_data\extracted\vegetation\vegetation.tree.lagerstroemia.indica.vswir.jpl227.jpl.asd.spectrum.txt;vegetation.tree.lagerstroemia.indica.vswir.jpl227.jpl.asd.spectrum.txt;vegetation
D:\VS projects\ecostress_nirs_database\input_data\extracted\vegetation\vegetation.tree.macadamia.integrifolia.vswir.jpl165.jpl.asd.spectrum.txt;vegetation.tree.macadamia.integrifolia.vswir.jpl165.jpl.asd.spectrum.txt;vegetation
D:\VS projects\ecostress_nirs_database\input_data\extracted\vegetation\vegetation.tree.macadamia.integrifolia.vswir.jpl205.jpl.asd.spectrum.txt;vegetation.tree.macadamia.integrifolia.vswir.jpl205.jpl.asd.spectrum.txt;vegetation
D:\VS projects\ecostress_nirs_database\input_data\extracted\vegetation\vegetation.tree.macadamia.integrifolia.vswir.jpl211.jpl.asd.spectrum.txt;vegetation.tree.macadamia.integrifolia.vswir.jpl211.jpl.asd.spectrum.txt;vegetation
D:\VS projects\ecostress_nirs_database\input_data\extracted\vegetation\vegetation.tree.magnolia.grandiflora.vswir.jpl115.jpl.asd.spectrum.txt;vegetation.tree.magnolia.grandiflora.vswir.jpl115.jpl.asd.spectrum.txt;vegetation
D:\VS projects\ecostress_nirs_database\input_data\extracted\vegetation\vegetation.tree.magnolia.grandiflora.vswir.jpl116.jpl.asd.spectrum.txt;vegetation.tree.magnolia.grandiflora.vswir.jpl116.jpl.asd.spectrum.txt;vegetation
D:\VS projects\ecostress_nirs_database\input_data\extracted\vegetation\vegetation.tree.magnolia.grandiflora.vswir.jpl132.jpl.asd.spectrum.txt;vegetation.tree.magnolia.grandiflora.vswir.jpl132.jpl.asd.spectrum.txt;vegetation
D:\VS projects\ecostress_nirs_database\input_data\extracted\vegetation\vegetation.tree.magnolia.grandiflora.vswir.jpl182.jpl.asd.spectrum.txt;vegetation.tree.magnolia.grandiflora.vswir.jpl182.jpl.asd.spectrum.txt;vegetation
D:\VS projects\ecostress_nirs_database\input_data\extracted\vegetation\vegetation.tree.magnolia.grandiflora.vswir.jpl230.jpl.asd.spectrum.txt;vegetation.tree.magnolia.grandiflora.vswir.jpl230.jpl.asd.spectrum.txt;vegetation
D:\VS projects\ecostress_nirs_database\input_data\extracted\vegetation\vegetation.tree.magnolia.grandiflora.vswir.jpl231.jpl.asd.spectrum.txt;vegetation.tree.magnolia.grandiflora.vswir.jpl231.jpl.asd.spectrum.txt;vegetation
D:\VS projects\ecostress_nirs_database\input_data\extracted\vegetation\vegetation.tree.melaleuca.linariifolia.vswir.jpl162.jpl.asd.spectrum.txt;vegetation.tree.melaleuca.linariifolia.vswir.jpl162.jpl.asd.spectrum.txt;vegetation
D:\VS projects\ecostress_nirs_database\input_data\extracted\vegetation\vegetation.tree.melaleuca.linariifolia.vswir.jpl163.jpl.asd.spectrum.txt;vegetation.tree.melaleuca.linariifolia.vswir.jpl163.jpl.asd.spectrum.txt;vegetation
D:\VS projects\ecostress_nirs_database\input_data\extracted\vegetation\vegetation.tree.melaleuca.linariifolia.vswir.jpl164.jpl.asd.spectrum.txt;vegetation.tree.melaleuca.linariifolia.vswir.jpl164.jpl.asd.spectrum.txt;vegetation
D:\VS projects\ecostress_nirs_database\input_data\extracted\vegetation\vegetation.tree.melaleuca.linariifolia.vswir.jpl197.jpl.asd.spectrum.txt;vegetation.tree.melaleuca.linariifolia.vswir.jpl197.jpl.asd.spectrum.txt;vegetation
D:\VS projects\ecostress_nirs_database\input_data\extracted\vegetation\vegetation.tree.melaleuca.linariifolia.vswir.jpl198.jpl.asd.spectrum.txt;vegetation.tree.melaleuca.linariifolia.vswir.jpl198.jpl.asd.spectrum.txt;vegetation
D:\VS projects\ecostress_nirs_database\input_data\extracted\vegetation\vegetation.tree.melaleuca.linariifolia.vswir.jpl199.jpl.asd.spectrum.txt;vegetation.tree.melaleuca.linariifolia.vswir.jpl199.jpl.asd.spectrum.txt;vegetation
D:\VS projects\ecostress_nirs_database\input_data\extracted\vegetation\vegetation.tree.melateuca.lanceolata.vswir.jpl153.jpl.asd.spectrum.txt;vegetation.tree.melateuca.lanceolata.vswir.jpl153.jpl.asd.spectrum.txt;vegetation
D:\VS projects\ecostress_nirs_database\input_data\extracted\vegetation\vegetation.tree.melateuca.lanceolata.vswir.jpl223.jpl.asd.spectrum.txt;vegetation.tree.melateuca.lanceolata.vswir.jpl223.jpl.asd.spectrum.txt;vegetation
D:\VS projects\ecostress_nirs_database\input_data\extracted\vegetation\vegetation.tree.metrosideros.excelsa.vswir.jpl209.jpl.asd.spectrum.txt;vegetation.tree.metrosideros.excelsa.vswir.jpl209.jpl.asd.spectrum.txt;vegetation
D:\VS projects\ecostress_nirs_database\input_data\extracted\vegetation\vegetation.tree.olea.africana.vswir.jpl121.jpl.asd.spectrum.txt;vegetation.tree.olea.africana.vswir.jpl121.jpl.asd.spectrum.txt;vegetation
D:\VS projects\ecostress_nirs_database\input_data\extracted\vegetation\vegetation.tree.olea.africana.vswir.jpl226.jpl.asd.spectrum.txt;vegetation.tree.olea.africana.vswir.jpl226.jpl.asd.spectrum.txt;vegetation
D:\VS projects\ecostress_nirs_database\input_data\extracted\vegetation\vegetation.tree.ombu.tree.vswir.jpl166.jpl.asd.spectrum.txt;vegetation.tree.ombu.tree.vswir.jpl166.jpl.asd.spectrum.txt;vegetation
D:\VS projects\ecostress_nirs_database\input_data\extracted\vegetation\vegetation.tree.peltophorum.africanum.vswir.jpl259.jpl.asd.spectrum.txt;vegetation.tree.peltophorum.africanum.vswir.jpl259.jpl.asd.spectrum.txt;vegetation
D:\VS projects\ecostress_nirs_database\input_data\extracted\vegetation\vegetation.tree.peltophorum.africanum.vswir.jpl260.jpl.asd.spectrum.txt;vegetation.tree.peltophorum.africanum.vswir.jpl260.jpl.asd.spectrum.txt;vegetation
D:\VS projects\ecostress_nirs_database\input_data\extracted\vegetation\vegetation.tree.peltophorum.africanum.vswir.jpl261.jpl.asd.spectrum.txt;vegetation.tree.peltophorum.africanum.vswir.jpl261.jpl.asd.spectrum.txt;vegetation
D:\VS projects\ecostress_nirs_database\input_data\extracted\vegetation\vegetation.tree.peltophorum.dubium.vswir.jpl169.jpl.asd.spectrum.txt;vegetation.tree.peltophorum.dubium.vswir.jpl169.jpl.asd.spectrum.txt;vegetation
D:\VS projects\ecostress_nirs_database\input_data\extracted\vegetation\vegetation.tree.peltophorum.dubium.vswir.jpl206.jpl.asd.spectrum.txt;vegetation.tree.peltophorum.dubium.vswir.jpl206.jpl.asd.spectrum.txt;vegetation
D:\VS projects\ecostress_nirs_database\input_data\extracted\vegetation\vegetation.tree.phyllostachys.aurea.vswir.jpl089.jpl.asd.spectrum.txt;vegetation.tree.phyllostachys.aurea.vswir.jpl089.jpl.asd.spectrum.txt;vegetation
D:\VS projects\ecostress_nirs_database\input_data\extracted\vegetation\vegetation.tree.phyllostachys.aurea.vswir.jpl090.jpl.asd.spectrum.txt;vegetation.tree.phyllostachys.aurea.vswir.jpl090.jpl.asd.spectrum.txt;vegetation
D:\VS projects\ecostress_nirs_database\input_data\extracted\vegetation\vegetation.tree.phyllostachys.vivax.vswir.jpl124.jpl.asd.spectrum.txt;vegetation.tree.phyllostachys.vivax.vswir.jpl124.jpl.asd.spectrum.txt;vegetation
D:\VS projects\ecostress_nirs_database\input_data\extracted\vegetation\vegetation.tree.phyllostachys.vivax.vswir.jpl125.jpl.asd.spectrum.txt;vegetation.tree.phyllostachys.vivax.vswir.jpl125.jpl.asd.spectrum.txt;vegetation
D:\VS projects\ecostress_nirs_database\input_data\extracted\vegetation\vegetation.tree.phyllostachys.vivax.vswir.jpl126.jpl.asd.spectrum.txt;vegetation.tree.phyllostachys.vivax.vswir.jpl126.jpl.asd.spectrum.txt;vegetation
D:\VS projects\ecostress_nirs_database\input_data\extracted\vegetation\vegetation.tree.phytolacca.dioica.vswir.jpl207.jpl.asd.spectrum.txt;vegetation.tree.phytolacca.dioica.vswir.jpl207.jpl.asd.spectrum.txt;vegetation
D:\VS projects\ecostress_nirs_database\input_data\extracted\vegetation\vegetation.tree.podocarpus.gracilior.vswir.jpl127.jpl.asd.spectrum.txt;vegetation.tree.podocarpus.gracilior.vswir.jpl127.jpl.asd.spectrum.txt;vegetation
D:\VS projects\ecostress_nirs_database\input_data\extracted\vegetation\vegetation.tree.podocarpus.gracilior.vswir.jpl155.jpl.asd.spectrum.txt;vegetation.tree.podocarpus.gracilior.vswir.jpl155.jpl.asd.spectrum.txt;vegetation
D:\VS projects\ecostress_nirs_database\input_data\extracted\vegetation\vegetation.tree.podocarpus.gracilior.vswir.jpl173.jpl.asd.spectrum.txt;vegetation.tree.podocarpus.gracilior.vswir.jpl173.jpl.asd.spectrum.txt;vegetation
D:\VS projects\ecostress_nirs_database\input_data\extracted\vegetation\vegetation.tree.podocarpus.gracilior.vswir.jpl187.jpl.asd.spectrum.txt;vegetation.tree.podocarpus.gracilior.vswir.jpl187.jpl.asd.spectrum.txt;vegetation
D:\VS projects\ecostress_nirs_database\input_data\extracted\vegetation\vegetation.tree.podocarpus.gracilior.vswir.jpl188.jpl.asd.spectrum.txt;vegetation.tree.podocarpus.gracilior.vswir.jpl188.jpl.asd.spectrum.txt;vegetation
D:\VS projects\ecostress_nirs_database\input_data\extracted\vegetation\vegetation.tree.podocarpus.gracilior.vswir.jpl233.jpl.asd.spectrum.txt;vegetation.tree.podocarpus.gracilior.vswir.jpl233.jpl.asd.spectrum.txt;vegetation
D:\VS projects\ecostress_nirs_database\input_data\extracted\vegetation\vegetation.tree.prosopis.articulata.vswir.jpl142.jpl.asd.spectrum.txt;vegetation.tree.prosopis.articulata.vswir.jpl142.jpl.asd.spectrum.txt;vegetation
D:\VS projects\ecostress_nirs_database\input_data\extracted\vegetation\vegetation.tree.pyllostachys.vivax.vswir.jpl190.jpl.asd.spectrum.txt;vegetation.tree.pyllostachys.vivax.vswir.jpl190.jpl.asd.spectrum.txt;vegetation
D:\VS projects\ecostress_nirs_database\input_data\extracted\vegetation\vegetation.tree.pyllostachys.vivax.vswir.jpl191.jpl.asd.spectrum.txt;vegetation.tree.pyllostachys.vivax.vswir.jpl191.jpl.asd.spectrum.txt;vegetation
D:\VS projects\ecostress_nirs_database\input_data\extracted\vegetation\vegetation.tree.pyllostachys.vivax.vswir.jpl192.jpl.asd.spectrum.txt;vegetation.tree.pyllostachys.vivax.vswir.jpl192.jpl.asd.spectrum.txt;vegetation
D:\VS projects\ecostress_nirs_database\input_data\extracted\vegetation\vegetation.tree.quercus.agrifolia.vswir.jpl108.jpl.asd.spectrum.txt;vegetation.tree.quercus.agrifolia.vswir.jpl108.jpl.asd.spectrum.txt;vegetation
D:\VS projects\ecostress_nirs_database\input_data\extracted\vegetation\vegetation.tree.quercus.agrifolia.vswir.jpl111.jpl.asd.spectrum.txt;vegetation.tree.quercus.agrifolia.vswir.jpl111.jpl.asd.spectrum.txt;vegetation
D:\VS projects\ecostress_nirs_database\input_data\extracted\vegetation\vegetation.tree.quercus.agrifolia.vswir.jpl112.jpl.asd.spectrum.txt;vegetation.tree.quercus.agrifolia.vswir.jpl112.jpl.asd.spectrum.txt;vegetation
D:\VS projects\ecostress_nirs_database\input_data\extracted\vegetation\vegetation.tree.quercus.agrifolia.vswir.jpl176.jpl.asd.spectrum.txt;vegetation.tree.quercus.agrifolia.vswir.jpl176.jpl.asd.spectrum.txt;vegetation
D:\VS projects\ecostress_nirs_database\input_data\extracted\vegetation\vegetation.tree.quercus.agrifolia.vswir.jpl179.jpl.asd.spectrum.txt;vegetation.tree.quercus.agrifolia.vswir.jpl179.jpl.asd.spectrum.txt;vegetation
D:\VS projects\ecostress_nirs_database\input_data\extracted\vegetation\vegetation.tree.quercus.agrifolia.vswir.jpl181.jpl.asd.spectrum.txt;vegetation.tree.quercus.agrifolia.vswir.jpl181.jpl.asd.spectrum.txt;vegetation
D:\VS projects\ecostress_nirs_database\input_data\extracted\vegetation\vegetation.tree.quercus.ilex.vswir.jpl114.jpl.asd.spectrum.txt;vegetation.tree.quercus.ilex.vswir.jpl114.jpl.asd.spectrum.txt;vegetation
D:\VS projects\ecostress_nirs_database\input_data\extracted\vegetation\vegetation.tree.quercus.ilex.vswir.jpl232.jpl.asd.spectrum.txt;vegetation.tree.quercus.ilex.vswir.jpl232.jpl.asd.spectrum.txt;vegetation
D:\VS projects\ecostress_nirs_database\input_data\extracted\vegetation\vegetation.tree.quercus.ilex.vswir.jpl255.jpl.asd.spectrum.txt;vegetation.tree.quercus.ilex.vswir.jpl255.jpl.asd.spectrum.txt;vegetation
D:\VS projects\ecostress_nirs_database\input_data\extracted\vegetation\vegetation.tree.quercus.ilex.vswir.jpl256.jpl.asd.spectrum.txt;vegetation.tree.quercus.ilex.vswir.jpl256.jpl.asd.spectrum.txt;vegetation
D:\VS projects\ecostress_nirs_database\input_data\extracted\vegetation\vegetation.tree.quercus.robur.vswir.jpl110.jpl.asd.spectrum.txt;vegetation.tree.quercus.robur.vswir.jpl110.jpl.asd.spectrum.txt;vegetation
D:\VS projects\ecostress_nirs_database\input_data\extracted\vegetation\vegetation.tree.quercus.robur.vswir.jpl178.jpl.asd.spectrum.txt;vegetation.tree.quercus.robur.vswir.jpl178.jpl.asd.spectrum.txt;vegetation
D:\VS projects\ecostress_nirs_database\input_data\extracted\vegetation\vegetation.tree.quercus.robur.vswir.jpl247.jpl.asd.spectrum.txt;vegetation.tree.quercus.robur.vswir.jpl247.jpl.asd.spectrum.txt;vegetation
D:\VS projects\ecostress_nirs_database\input_data\extracted\vegetation\vegetation.tree.quercus.robur.vswir.jpl250.jpl.asd.spectrum.txt;vegetation.tree.quercus.robur.vswir.jpl250.jpl.asd.spectrum.txt;vegetation
D:\VS projects\ecostress_nirs_database\input_data\extracted\vegetation\vegetation.tree.quercus.rubra.vswir.jpl156.jpl.asd.spectrum.txt;vegetation.tree.quercus.rubra.vswir.jpl156.jpl.asd.spectrum.txt;vegetation
D:\VS projects\ecostress_nirs_database\input_data\extracted\vegetation\vegetation.tree.quercus.rubra.vswir.jpl189.jpl.asd.spectrum.txt;vegetation.tree.quercus.rubra.vswir.jpl189.jpl.asd.spectrum.txt;vegetation
D:\VS projects\ecostress_nirs_database\input_data\extracted\vegetation\vegetation.tree.quercus.suber.vswir.jpl106b.jpl.asd.spectrum.txt;vegetation.tree.quercus.suber.vswir.jpl106b.jpl.asd.spectrum.txt;vegetation
D:\VS projects\ecostress_nirs_database\input_data\extracted\vegetation\vegetation.tree.quercus.suber.vswir.jpl175.jpl.asd.spectrum.txt;vegetation.tree.quercus.suber.vswir.jpl175.jpl.asd.spectrum.txt;vegetation
D:\VS projects\ecostress_nirs_database\input_data\extracted\vegetation\vegetation.tree.quercus.suber.vswir.jpl248.jpl.asd.spectrum.txt;vegetation.tree.quercus.suber.vswir.jpl248.jpl.asd.spectrum.txt;vegetation
D:\VS projects\ecostress_nirs_database\input_data\extracted\vegetation\vegetation.tree.quercus.suber.vswir.jpl249.jpl.asd.spectrum.txt;vegetation.tree.quercus.suber.vswir.jpl249.jpl.asd.spectrum.txt;vegetation
D:\VS projects\ecostress_nirs_database\input_data\extracted\vegetation\vegetation.tree.quercus.virginana.vswir.jpl107.jpl.asd.spectrum.txt;vegetation.tree.quercus.virginana.vswir.jpl107.jpl.asd.spectrum.txt;vegetation
D:\VS projects\ecostress_nirs_database\input_data\extracted\vegetation\vegetation.tree.quercus.virginana.vswir.jpl128.jpl.asd.spectrum.txt;vegetation.tree.quercus.virginana.vswir.jpl128.jpl.asd.spectrum.txt;vegetation
D:\VS projects\ecostress_nirs_database\input_data\extracted\vegetation\vegetation.tree.quercus.virginana.vswir.jpl174.jpl.asd.spectrum.txt;vegetation.tree.quercus.virginana.vswir.jpl174.jpl.asd.spectrum.txt;vegetation
D:\VS projects\ecostress_nirs_database\input_data\extracted\vegetation\vegetation.tree.quercus.virginana.vswir.jpl186.jpl.asd.spectrum.txt;vegetation.tree.quercus.virginana.vswir.jpl186.jpl.asd.spectrum.txt;vegetation
D:\VS projects\ecostress_nirs_database\input_data\extracted\vegetation\vegetation.tree.quercus.virginana.vswir.jpl234.jpl.asd.spectrum.txt;vegetation.tree.quercus.virginana.vswir.jpl234.jpl.asd.spectrum.txt;vegetation
D:\VS projects\ecostress_nirs_database\input_data\extracted\vegetation\vegetation.tree.salix.babylonica.vswir.jpl129.jpl.asd.spectrum.txt;vegetation.tree.salix.babylonica.vswir.jpl129.jpl.asd.spectrum.txt;vegetation
D:\VS projects\ecostress_nirs_database\input_data\extracted\vegetation\vegetation.tree.salix.babylonica.vswir.jpl130.jpl.asd.spectrum.txt;vegetation.tree.salix.babylonica.vswir.jpl130.jpl.asd.spectrum.txt;vegetation
D:\VS projects\ecostress_nirs_database\input_data\extracted\vegetation\vegetation.tree.salix.babylonica.vswir.jpl131.jpl.asd.spectrum.txt;vegetation.tree.salix.babylonica.vswir.jpl131.jpl.asd.spectrum.txt;vegetation
D:\VS projects\ecostress_nirs_database\input_data\extracted\vegetation\vegetation.tree.salix.babylonica.vswir.jpl183.jpl.asd.spectrum.txt;vegetation.tree.salix.babylonica.vswir.jpl183.jpl.asd.spectrum.txt;vegetation
D:\VS projects\ecostress_nirs_database\input_data\extracted\vegetation\vegetation.tree.salix.babylonica.vswir.jpl184.jpl.asd.spectrum.txt;vegetation.tree.salix.babylonica.vswir.jpl184.jpl.asd.spectrum.txt;vegetation
D:\VS projects\ecostress_nirs_database\input_data\extracted\vegetation\vegetation.tree.salix.babylonica.vswir.jpl185.jpl.asd.spectrum.txt;vegetation.tree.salix.babylonica.vswir.jpl185.jpl.asd.spectrum.txt;vegetation
D:\VS projects\ecostress_nirs_database\input_data\extracted\vegetation\vegetation.tree.taxodium.mucronatum.vswir.jpl117.jpl.asd.spectrum.txt;vegetation.tree.taxodium.mucronatum.vswir.jpl117.jpl.asd.spectrum.txt;vegetation
D:\VS projects\ecostress_nirs_database\input_data\extracted\vegetation\vegetation.tree.taxodium.mucronatum.vswir.jpl118.jpl.asd.spectrum.txt;vegetation.tree.taxodium.mucronatum.vswir.jpl118.jpl.asd.spectrum.txt;vegetation
D:\VS projects\ecostress_nirs_database\input_data\extracted\vegetation\vegetation.tree.taxodium.mucronatum.vswir.jpl119.jpl.asd.spectrum.txt;vegetation.tree.taxodium.mucronatum.vswir.jpl119.jpl.asd.spectrum.txt;vegetation
D:\VS projects\ecostress_nirs_database\input_data\extracted\vegetation\vegetation.tree.taxodium.mucronatum.vswir.jpl213.jpl.asd.spectrum.txt;vegetation.tree.taxodium.mucronatum.vswir.jpl213.jpl.asd.spectrum.txt;vegetation
D:\VS projects\ecostress_nirs_database\input_data\extracted\vegetation\vegetation.tree.taxodium.mucronatum.vswir.jpl228.jpl.asd.spectrum.txt;vegetation.tree.taxodium.mucronatum.vswir.jpl228.jpl.asd.spectrum.txt;vegetation
D:\VS projects\ecostress_nirs_database\input_data\extracted\vegetation\vegetation.tree.taxodium.mucronatum.vswir.jpl229.jpl.asd.spectrum.txt;vegetation.tree.taxodium.mucronatum.vswir.jpl229.jpl.asd.spectrum.txt;vegetation
D:\VS projects\ecostress_nirs_database\input_data\extracted\vegetation\vegetation.tree.tipuana.tipu.vswir.jpl235.jpl.asd.spectrum.txt;vegetation.tree.tipuana.tipu.vswir.jpl235.jpl.asd.spectrum.txt;vegetation
D:\VS projects\ecostress_nirs_database\input_data\extracted\vegetation\vegetation.tree.tipuana.tipu.vswir.jpl251.jpl.asd.spectrum.txt;vegetation.tree.tipuana.tipu.vswir.jpl251.jpl.asd.spectrum.txt;vegetation
D:\VS projects\ecostress_nirs_database\input_data\extracted\vegetation\vegetation.tree.tipuana.tipu.vswir.jpl252.jpl.asd.spectrum.txt;vegetation.tree.tipuana.tipu.vswir.jpl252.jpl.asd.spectrum.txt;vegetation
